,trace_name,original_index
0,"bucket10$11,:3,:15001",119
1,"bucket10$11,:3,:15001",134
2,"bucket4$30,:3,:15001",308
3,"bucket9$32,:3,:15001",343
4,"bucket3$50,:3,:15001",507
5,"bucket1$54,:3,:15001",545
6,"bucket1$67,:3,:15001",675
7,"bucket2$156,:3,:15001",1585
8,"bucket3$156,:3,:15001",1586
9,"bucket4$156,:3,:15001",1587
10,"bucket8$152,:3,:15001",1591
11,"bucket9$152,:3,:15001",1592
12,"bucket7$167,:3,:15001",1720
13,"bucket1$170,:3,:15001",1724
14,"bucket10$171,:3,:15001",1783
15,"bucket3$181,:3,:15001",1841
16,"bucket9$176,:3,:15001",1847
17,"bucket10$176,:3,:15001",1848
18,"bucket1$182,:3,:15001",1849
19,"bucket6$179,:3,:15001",1854
20,"bucket7$179,:3,:15001",1855
21,"bucket10$177,:3,:15001",1858
22,"bucket5$183,:3,:15001",1863
23,"bucket7$180,:3,:15001",1865
24,"bucket3$196,:3,:15001",1991
25,"bucket4$196,:3,:15001",1992
26,"bucket5$196,:3,:15001",1993
27,"bucket9$191,:3,:15001",1997
28,"bucket10$192,:3,:15001",2008
29,"bucket2$225,:3,:15001",2280
30,"bucket10$230,:3,:15001",2402
31,"bucket4$256,:3,:15001",2605
32,"bucket8$259,:3,:15001",2699
33,"bucket3$276,:3,:15001",2804
34,"bucket5$330,:3,:15001",3367
35,"bucket9$325,:3,:15001",3391
36,"bucket8$329,:3,:15001",3430
37,"bucket3$338,:3,:15001",3435
38,"bucket3$342,:3,:15001",3475
39,"bucket2$348,:3,:15001",3534
40,"bucket2$378,:3,:15001",3844
41,"bucket6$393,:3,:15001",4048
42,"bucket8$398,:3,:15001",4130
43,"bucket3$417,:3,:15001",4235
44,"bucket7$432,:3,:15001",4463
45,"bucket9$430,:3,:15001",4465
46,"bucket4$441,:3,:15001",4480
47,"bucket6$435,:3,:15001",4482
48,"bucket8$432,:3,:15001",4484
49,"bucket10$431,:3,:15001",4486
50,"bucket1$472,:3,:15001",4787
51,"bucket2$479,:3,:15001",4858
52,"bucket3$480,:3,:15001",4869
53,"bucket8$478,:3,:15001",4944
54,"bucket6$506,:3,:15001",5192
55,"bucket3$517,:3,:15001",5239
56,"bucket4$517,:3,:15001",5240
57,"bucket2$523,:3,:15001",5298
58,"bucket9$521,:3,:15001",5375
59,"bucket6$535,:3,:15001",5494
60,"bucket8$550,:3,:15001",5676
61,"bucket9$550,:3,:15001",5677
62,"bucket1$615,:3,:15001",6225
63,"bucket6$629,:3,:15001",6440
64,"bucket6$656,:3,:15001",6725
65,"bucket3$724,:3,:15001",7332
66,"bucket6$717,:3,:15001",7335
67,"bucket8$713,:3,:15001",7337
68,"bucket3$724,:3,:15001",7342
69,"bucket6$717,:3,:15001",7345
70,"bucket8$713,:3,:15001",7347
71,"bucket2$730,:3,:15001",7391
72,"bucket9$733,:3,:15001",7548
73,"bucket4$770,:3,:15001",7803
74,"bucket5$768,:3,:15001",7804
75,"bucket8$759,:3,:15001",7807
76,"bucket8$770,:3,:15001",7917
77,"bucket5$782,:3,:15001",7944
78,"bucket3$791,:3,:15001",8012
79,"bucket2$826,:3,:15001",8351
80,"bucket6$829,:3,:15001",8465
81,"bucket10$842,:3,:15001",8649
82,"bucket1$856,:3,:15001",8650
83,"bucket8$844,:3,:15001",8657
84,"bucket7$868,:3,:15001",8885
85,"bucket8$902,:3,:15001",9246
86,"bucket6$907,:3,:15001",9254
87,"bucket3$935,:3,:15001",9471
88,"bucket1$940,:3,:15001",9509
89,"bucket8$952,:3,:15001",9756
90,"bucket9$952,:3,:15001",9757
91,"bucket3$1016,:3,:15001",10281
92,"bucket2$1077,:3,:15001",10884
93,"bucket5$1077,:3,:15001",10927
94,"bucket1$1107,:3,:15001",11183
95,"bucket2$1111,:3,:15001",11224
96,"bucket4$1110,:3,:15001",11226
97,"bucket1$1117,:3,:15001",11283
98,"bucket3$1132,:3,:15001",11449
99,"bucket3$1169,:3,:15001",11819
100,"bucket9$1160,:3,:15001",11865
101,"bucket6$1166,:3,:15001",11882
102,"bucket3$1176,:3,:15001",11889
103,"bucket6$1203,:3,:15001",12252
104,"bucket3$1218,:3,:15001",12309
105,"bucket9$1205,:3,:15001",12315
106,"bucket9$1214,:3,:15001",12405
107,"bucket2$1229,:3,:15001",12408
108,"bucket6$1219,:3,:15001",12412
109,"bucket9$1215,:3,:15001",12415
110,"bucket6$1235,:3,:15001",12572
111,"bucket7$1256,:3,:15001",12810
112,"bucket1$1294,:3,:15001",13064
113,"bucket7$1312,:3,:15001",13370
114,"bucket8$1309,:3,:15001",13371
115,"bucket5$1342,:3,:15001",13598
116,"bucket6$1337,:3,:15001",13599
117,"bucket7$1335,:3,:15001",13600
118,"bucket9$1357,:3,:15001",13852
119,"bucket5$1405,:3,:15001",14240
120,"bucket5$1416,:3,:15001",14350
121,"bucket8$1443,:3,:15001",14723
122,"bucket7$1448,:3,:15001",14742
123,"bucket9$1472,:3,:15001",15014
124,"bucket4$1502,:3,:15001",15169
125,"bucket8$1498,:3,:15001",15273
126,"bucket7$1532,:3,:15001",15582
127,"bucket2$1550,:3,:15001",15627
128,"bucket10$1533,:3,:15001",15645
129,"bucket9$1550,:3,:15001",15794
130,"bucket8$1582,:3,:15001",16113
131,"bucket9$1582,:3,:15001",16114
132,"bucket4$1602,:3,:15001",16169
133,"bucket6$1667,:3,:15001",16921
134,"bucket10$1696,:3,:15001",17285
135,"bucket1$1715,:3,:15001",17286
136,"bucket2$1715,:3,:15001",17287
137,"bucket4$1811,:3,:15001",18276
138,"bucket8$1809,:3,:15001",18410
139,"bucket9$1809,:3,:15001",18411
140,"bucket10$1807,:3,:15001",18412
141,"bucket6$1816,:3,:15001",18418
142,"bucket9$1830,:3,:15001",18621
143,"bucket2$1850,:3,:15001",18644
144,"bucket10$1846,:3,:15001",18802
145,"bucket3$1868,:3,:15001",18845
146,"bucket9$1924,:3,:15001",19561
147,"bucket8$1997,:3,:15001",20290
148,"bucket3$2019,:3,:15001",20355
149,"bucket4$2051,:3,:15001",20684
150,"bucket5$2047,:3,:15001",20685
151,"bucket10$2039,:3,:15001",20750
152,"bucket9$2075,:3,:15001",21089
153,"bucket7$2117,:3,:15001",21457
154,"bucket1$2180,:3,:15001",21955
155,"bucket2$2180,:3,:15001",21956
156,"bucket3$2178,:3,:15001",21957
157,"bucket6$2168,:3,:15001",21960
158,"bucket7$2166,:3,:15001",21961
159,"bucket8$2162,:3,:15001",21962
160,"bucket9$2161,:3,:15001",21963
161,"bucket10$2159,:3,:15001",21964
162,"bucket4$2193,:3,:15001",22108
163,"bucket5$2188,:3,:15001",22109
164,"bucket4$2224,:3,:15001",22418
165,"bucket2$2230,:3,:15001",22456
166,"bucket3$2228,:3,:15001",22457
167,"bucket7$2232,:3,:15001",22621
168,"bucket6$2252,:3,:15001",22800
169,"bucket9$2247,:3,:15001",22823
170,"bucket9$2314,:3,:15001",23493
171,"bucket10$2312,:3,:15001",23494
172,"bucket4$2339,:3,:15001",23568
173,"bucket5$2337,:3,:15001",23599
174,"bucket7$2339,:3,:15001",23691
175,"bucket8$2335,:3,:15001",23692
176,"bucket6$2371,:3,:15001",23990
177,"bucket2$2432,:3,:15001",24479
178,"bucket7$2439,:3,:15001",24704
179,"bucket2$2456,:3,:15001",24719
180,"bucket10$2434,:3,:15001",24727
181,"bucket9$2438,:3,:15001",24746
182,"bucket2$2466,:3,:15001",24819
183,"bucket5$2469,:3,:15001",24932
184,"bucket4$2477,:3,:15001",24961
185,"bucket2$2484,:3,:15001",24999
186,"bucket3$2482,:3,:15001",25000
187,"bucket1$2499,:3,:15001",25148
188,"bucket10$2493,:3,:15001",25317
189,"bucket3$2528,:3,:15001",25460
190,"bucket8$2515,:3,:15001",25505
191,"bucket7$2527,:3,:15001",25584
192,"bucket2$2543,:3,:15001",25589
193,"bucket6$2530,:3,:15001",25593
194,"bucket7$2528,:3,:15001",25594
195,"bucket1$2563,:3,:15001",25793
196,"bucket1$2567,:3,:15001",25833
197,"bucket4$2565,:3,:15001",25846
198,"bucket10$2553,:3,:15001",25932
199,"bucket9$2567,:3,:15001",26051
200,"bucket1$2589,:3,:15001",26053
201,"bucket2$2589,:3,:15001",26054
202,"bucket7$2576,:3,:15001",26089
203,"bucket7$2577,:3,:15001",26099
204,"bucket1$2599,:3,:15001",26153
205,"bucket2$2601,:3,:15001",26174
206,"bucket2$2602,:3,:15001",26184
207,"bucket10$2613,:3,:15001",26532
208,"bucket2$2638,:3,:15001",26544
209,"bucket4$2731,:3,:15001",27506
210,"bucket8$2741,:3,:15001",27780
211,"bucket5$2766,:3,:15001",27907
212,"bucket5$2768,:3,:15001",27927
213,"bucket4$2788,:3,:15001",28076
214,"bucket7$2777,:3,:15001",28099
215,"bucket6$2786,:3,:15001",28168
216,"bucket3$2817,:3,:15001",28366
217,"bucket4$2833,:3,:15001",28537
218,"bucket2$2864,:3,:15001",28815
219,"bucket10$2847,:3,:15001",28883
220,"bucket9$2861,:3,:15001",29002
221,"bucket6$2880,:3,:15001",29119
222,"bucket8$2875,:3,:15001",29131
223,"bucket1$2920,:3,:15001",29373
224,"bucket5$2950,:3,:15001",29767
225,"bucket9$2965,:3,:15001",30051
226,"bucket9$2970,:3,:15001",30101
227,"bucket10$2976,:3,:15001",30192
228,"bucket10$2977,:3,:15001",30202
229,"bucket7$2992,:3,:15001",30269
230,"bucket2$3016,:3,:15001",30344
231,"bucket1$3023,:3,:15001",30403
232,"bucket2$3022,:3,:15001",30404
233,"bucket3$3020,:3,:15001",30405
234,"bucket4$3039,:3,:15001",30606
235,"bucket5$3034,:3,:15001",30607
236,"bucket6$3028,:3,:15001",30608
237,"bucket3$3041,:3,:15001",30615
238,"bucket8$3023,:3,:15001",30620
239,"bucket9$3022,:3,:15001",30621
240,"bucket10$3053,:3,:15001",30962
241,"bucket3$3078,:3,:15001",30985
242,"bucket9$3072,:3,:15001",31121
243,"bucket1$3095,:3,:15001",31123
244,"bucket7$3087,:3,:15001",31219
245,"bucket8$3092,:3,:15001",31310
246,"bucket7$3137,:3,:15001",31728
247,"bucket8$3145,:3,:15001",31849
248,"bucket8$3155,:3,:15001",31949
249,"bucket7$3167,:3,:15001",32028
250,"bucket10$3158,:3,:15001",32031
251,"bucket8$3169,:3,:15001",32089
252,"bucket10$3178,:3,:15001",32231
253,"bucket2$3204,:3,:15001",32233
254,"bucket1$3216,:3,:15001",32342
255,"bucket10$3198,:3,:15001",32431
256,"bucket10$3198,:3,:15001",32444
257,"bucket4$3221,:3,:15001",32448
258,"bucket8$3208,:3,:15001",32492
259,"bucket8$3223,:3,:15001",32642
260,"bucket8$3226,:3,:15001",32672
261,"bucket1$3268,:3,:15001",32865
262,"bucket8$3272,:3,:15001",33132
263,"bucket8$3331,:3,:15001",33722
264,"bucket10$3326,:3,:15001",33724
265,"bucket1$3354,:3,:15001",33725
266,"bucket4$3352,:3,:15001",33758
267,"bucket4$3357,:3,:15001",33808
268,"bucket1$3370,:3,:15001",33885
269,"bucket7$3373,:3,:15001",34101
270,"bucket3$3397,:3,:15001",34187
271,"bucket10$3392,:3,:15001",34401
272,"bucket7$3429,:3,:15001",34668
273,"bucket9$3432,:3,:15001",34760
274,"bucket10$3428,:3,:15001",34761
275,"bucket1$3457,:3,:15001",34762
276,"bucket4$3455,:3,:15001",34795
277,"bucket8$3449,:3,:15001",34919
278,"bucket7$3465,:3,:15001",35028
279,"bucket7$3466,:3,:15001",35038
280,"bucket7$3489,:3,:15001",35268
281,"bucket6$3520,:3,:15001",35570
282,"bucket6$3529,:3,:15001",35660
283,"bucket8$3526,:3,:15001",35702
284,"bucket2$3551,:3,:15001",35716
285,"bucket10$3523,:3,:15001",35724
286,"bucket1$3560,:3,:15001",35795
287,"bucket8$3559,:3,:15001",36032
288,"bucket8$3566,:3,:15001",36102
289,"bucket8$3584,:3,:15001",36282
290,"bucket10$3610,:3,:15001",36594
291,"bucket4$3651,:3,:15001",36768
292,"bucket3$3655,:3,:15001",36777
293,"bucket10$3629,:3,:15001",36784
294,"bucket10$3636,:3,:15001",36854
295,"bucket5$3655,:3,:15001",36859
296,"bucket1$3678,:3,:15001",36975
297,"bucket4$3695,:3,:15001",37208
298,"bucket6$3684,:3,:15001",37210
299,"bucket7$3682,:3,:15001",37211
300,"bucket9$3676,:3,:15001",37213
301,"bucket5$3726,:3,:15001",37579
302,"bucket9$3728,:3,:15001",37743
303,"bucket3$3751,:3,:15001",37747
304,"bucket6$3737,:3,:15001",37750
305,"bucket8$3730,:3,:15001",37752
306,"bucket9$3729,:3,:15001",37753
307,"bucket10$3748,:3,:15001",37984
308,"bucket5$3797,:3,:15001",38289
309,"bucket2$3821,:3,:15001",38426
310,"bucket1$3831,:3,:15001",38517
311,"bucket10$3801,:3,:15001",38526
312,"bucket10$3816,:3,:15001",38676
313,"bucket1$3857,:3,:15001",38777
314,"bucket5$3845,:3,:15001",38781
315,"bucket6$3839,:3,:15001",38782
316,"bucket7$3848,:3,:15001",38893
317,"bucket9$3843,:3,:15001",38905
318,"bucket10$3852,:3,:15001",39036
319,"bucket1$3883,:3,:15001",39037
320,"bucket1$3886,:3,:15001",39067
321,"bucket10$3859,:3,:15001",39106
322,"bucket5$3882,:3,:15001",39151
323,"bucket4$3892,:3,:15001",39200
324,"bucket1$3944,:3,:15001",39647
325,"bucket10$3914,:3,:15001",39656
326,"bucket9$3955,:3,:15001",40025
327,"bucket9$3959,:3,:15001",40065
328,"bucket2$3996,:3,:15001",40178
329,"bucket9$4040,:3,:15001",40886
330,"bucket5$4056,:3,:15001",40902
331,"bucket6$4050,:3,:15001",40903
332,"bucket7$4048,:3,:15001",40904
333,"bucket3$4072,:3,:15001",40980
334,"bucket6$4074,:3,:15001",41143
335,"bucket5$4086,:3,:15001",41202
336,"bucket6$4080,:3,:15001",41203
337,"bucket7$4078,:3,:15001",41204
338,"bucket2$4100,:3,:15001",41229
339,"bucket3$4109,:3,:15001",41350
340,"bucket4$4106,:3,:15001",41351
341,"bucket7$4108,:3,:15001",41504
342,"bucket9$4159,:3,:15001",42094
343,"bucket3$4189,:3,:15001",42158
344,"bucket2$4207,:3,:15001",42307
345,"bucket5$4215,:3,:15001",42500
346,"bucket6$4211,:3,:15001",42521
347,"bucket7$4209,:3,:15001",42522
348,"bucket6$4217,:3,:15001",42581
349,"bucket1$4243,:3,:15001",42646
350,"bucket7$4249,:3,:15001",42922
351,"bucket10$4272,:3,:15001",43265
352,"bucket7$4310,:3,:15001",43532
353,"bucket5$4322,:3,:15001",43570
354,"bucket10$4304,:3,:15001",43585
355,"bucket5$4351,:3,:15001",43860
356,"bucket9$4342,:3,:15001",43924
357,"bucket2$4369,:3,:15001",43927
358,"bucket8$4394,:3,:15001",44423
359,"bucket1$4450,:3,:15001",44726
360,"bucket8$4427,:3,:15001",44763
361,"bucket9$4425,:3,:15001",44764
362,"bucket10$4421,:3,:15001",44765
363,"bucket7$4445,:3,:15001",44892
364,"bucket8$4467,:3,:15001",45163
365,"bucket3$4504,:3,:15001",45318
366,"bucket1$4533,:3,:15001",45556
367,"bucket3$4551,:3,:15001",45788
368,"bucket1$4583,:3,:15001",46056
369,"bucket2$4591,:3,:15001",46168
370,"bucket3$4588,:3,:15001",46169
371,"bucket9$4584,:3,:15001",46365
372,"bucket10$4580,:3,:15001",46366
373,"bucket2$4611,:3,:15001",46368
374,"bucket3$4608,:3,:15001",46369
375,"bucket5$4606,:3,:15001",46431
376,"bucket9$4604,:3,:15001",46565
377,"bucket2$4637,:3,:15001",46628
378,"bucket4$4631,:3,:15001",46630
379,"bucket5$4626,:3,:15001",46631
380,"bucket6$4629,:3,:15001",46722
381,"bucket7$4631,:3,:15001",46763
382,"bucket10$4620,:3,:15001",46766
383,"bucket3$4657,:3,:15001",46859
384,"bucket5$4715,:3,:15001",47521
385,"bucket10$4707,:3,:15001",47636
386,"bucket6$4726,:3,:15001",47692
387,"bucket8$4719,:3,:15001",47694
388,"bucket10$4713,:3,:15001",47696
389,"bucket1$4756,:3,:15001",47787
390,"bucket5$4742,:3,:15001",47791
391,"bucket7$4734,:3,:15001",47793
392,"bucket5$4761,:3,:15001",47981
393,"bucket6$4755,:3,:15001",47982
394,"bucket7$4753,:3,:15001",47983
395,"bucket8$4748,:3,:15001",47984
396,"bucket8$4749,:3,:15001",47994
397,"bucket9$4747,:3,:15001",47995
398,"bucket1$4777,:3,:15001",47997
399,"bucket2$4774,:3,:15001",47998
400,"bucket3$4771,:3,:15001",47999
401,"bucket4$4768,:3,:15001",48000
402,"bucket5$4763,:3,:15001",48001
403,"bucket9$4754,:3,:15001",48065
404,"bucket1$4784,:3,:15001",48067
405,"bucket4$4777,:3,:15001",48090
406,"bucket6$4768,:3,:15001",48112
407,"bucket9$4783,:3,:15001",48355
408,"bucket5$4799,:3,:15001",48361
409,"bucket6$4812,:3,:15001",48552
410,"bucket7$4810,:3,:15001",48553
411,"bucket9$4803,:3,:15001",48555
412,"bucket4$4830,:3,:15001",48620
413,"bucket6$4851,:3,:15001",48942
414,"bucket5$4870,:3,:15001",49071
415,"bucket9$4858,:3,:15001",49105
416,"bucket10$4854,:3,:15001",49106
417,"bucket1$4888,:3,:15001",49107
418,"bucket2$4885,:3,:15001",49108
419,"bucket3$4882,:3,:15001",49109
420,"bucket4$4879,:3,:15001",49110
421,"bucket10$4861,:3,:15001",49176
422,"bucket5$4908,:3,:15001",49461
423,"bucket2$4921,:3,:15001",49478
424,"bucket8$4897,:3,:15001",49484
425,"bucket9$4899,:3,:15001",49525
426,"bucket10$4895,:3,:15001",49526
427,"bucket2$4927,:3,:15001",49538
428,"bucket6$4913,:3,:15001",49572
429,"bucket6$4944,:3,:15001",49882
430,"bucket6$4962,:3,:15001",50062
431,"bucket4$4979,:3,:15001",50120
432,"bucket4$5003,:3,:15001",50360
433,"bucket6$4992,:3,:15001",50362
434,"bucket5$5006,:3,:15001",50441
435,"bucket6$5000,:3,:15001",50442
436,"bucket4$5014,:3,:15001",50470
437,"bucket3$5033,:3,:15001",50629
438,"bucket3$5035,:3,:15001",50649
439,"bucket8$5040,:3,:15001",50914
440,"bucket3$5080,:3,:15001",51099
441,"bucket7$5090,:3,:15001",51363
442,"bucket10$5079,:3,:15001",51366
443,"bucket10$5082,:3,:15001",51396
444,"bucket4$5113,:3,:15001",51460
